Time, Temp[C], CO2[ppm], TVOC[ppm], Rain[V], Noise[dBV], Wind[mV], Sun[V], Battery[V], Current[mA], Watt[mW]
2018-06-14_15:27, 24.25, 400, 0, 3.25, -27.505, 28.21, 3.763, 3.69, 17.529, 65.962
2018-06-14_15:28, 24.1875, 400, 0, 3.27, -26.834, 20.15, 3.763, 3.71, 17.529, 65.962
2018-06-14_15:30, 24.0625, 400, 0, 3.26, -25.25, 28.21, 3.602, 3.719, 24.747, 89.139
2018-06-14_15:31, 24.0, 406, 0, 3.26, -25.95, 28.21, 3.817, 3.7, 17.529, 66.908
2018-06-14_15:32, 24.125, 502, 15, 3.27, -28.888, 24.18, 3.763, 3.671, 17.529, 65.962
2018-06-14_15:34, 24.1875, 400, 0, 3.25, -30.188, 33.04, 3.495, 3.695, 20.623, 72.077
2018-06-14_15:35, 24.1875, 413, 1, 3.25, -19.204, 55.6, 4.355, 3.739, 96.927, 422.117
2018-06-14_15:36, 24.0, 441, 6, 3.27, -23.716, 70.92, 4.57, 3.754, 129.923, 593.748
2018-06-14_15:38, 24.375, 414, 2, 3.25, -27.219, 62.05, 4.731, 3.734, 111.363, 526.858
2018-06-14_15:39, 24.5, 416, 2, 3.25, -26.742, 57.22, 4.624, 3.734, 115.487, 534.012
2018-06-14_15:41, 25.0625, 455, 8, 3.26, -15.371, 54.8, 4.57, 3.71, 77.335, 353.421
2018-06-14_15:42, 24.4375, 445, 6, 3.26, -20.148, 50.77, 4.462, 3.715, 70.117, 312.862
2018-06-14_15:44, 24.5625, 413, 1, 3.25, -19.182, 65.27, 4.516, 3.724, 101.051, 456.346
2018-06-14_15:45, 24.5, 418, 2, 3.26, -23.478, 43.52, 4.677, 3.69, 52.588, 245.954
2018-06-14_15:46, 24.0625, 414, 2, 3.25, -15.371, 73.33, 4.677, 3.749, 125.799, 588.362
2018-06-14_15:48, 24.75, 434, 5, 3.25, -21.206, 66.89, 4.355, 3.749, 108.269, 471.511
2018-06-14_15:49, 25.0, 400, 0, 3.25, -26.872, 70.11, 4.946, 3.729, 91.771, 453.899
2018-06-14_15:50, 24.75, 426, 3, 3.26, -28.359, 60.44, 4.946, 3.71, 82.491, 408.0
2018-06-14_15:52, 24.3125, 427, 4, 3.26, -24.345, 77.36, 4.462, 3.719, 111.363, 496.902
2018-06-14_15:53, 24.75, 454, 8, 3.24, -23.562, 70.92, 4.355, 3.749, 130.954, 570.305
2018-06-14_15:55, 24.3125, 417, 2, 3.27, -21.434, 70.92, 4.946, 3.754, 140.235, 693.602
2018-06-14_15:56, 25.25, 414, 2, 3.26, -20.013, 74.14, 4.731, 3.749, 140.235, 663.452
2018-06-14_15:58, 25.4375, 414, 2, 3.21, -6.458, 74.14, 5.054, 3.749, 146.421, 740.012
2018-06-14_16:00, 25.0, 444, 6, 3.26, -17.444, 86.23, 4.462, 3.739, 130.954, 584.317
2018-06-14_16:01, 24.9375, 446, 7, 3.26, -17.885, 73.33, 4.516, 3.719, 120.643, 544.824
2018-06-14_16:03, 24.875, 434, 5, 3.26, -13.38, 82.2, 4.462, 3.729, 124.767, 556.71
2018-06-14_16:04, 25.1875, 432, 4, 3.26, -20.672, 73.33, 4.516, 3.715, 116.518, 526.195
2018-06-14_16:05, 24.75, 426, 3, 3.26, -15.244, 78.17, 4.624, 3.7, 87.647, 405.28
2018-06-14_16:07, 24.5625, 455, 8, 3.26, -24.537, 74.14, 4.731, 3.675, 81.46, 385.387
2018-06-14_16:08, 24.75, 439, 5, 3.26, -20.706, 62.05, 4.677, 3.71, 78.366, 366.518
2018-06-14_16:09, 25.125, 455, 8, 3.26, -26.788, 68.5, 4.731, 3.675, 69.086, 326.846
2018-06-14_16:11, 25.6875, 464, 9, 3.27, -3.338, 72.53, 4.677, 3.685, 83.522, 390.632
2018-06-14_16:12, 24.75, 428, 4, 3.26, -13.861, 70.11, 4.462, 3.705, 94.865, 423.288
2018-06-14_16:14, 25.375, 461, 9, 3.26, -15.098, 66.08, 4.946, 3.661, 49.495, 244.802
2018-06-14_16:15, 26.1875, 400, 0, 3.28, -9.727, 86.23, 4.301, 3.744, 170.137, 731.759
2018-06-14_16:17, 26.8125, 416, 2, 3.28, -1.734, 123.3, 4.57, 3.754, 164.982, 753.968
2018-06-14_16:18, 25.875, 466, 10, 3.26, -13.97, 77.36, 4.57, 3.69, 106.207, 485.366
2018-06-14_16:19, 26.5, 450, 7, 3.26, -16.642, 78.97, 4.731, 3.685, 93.833, 443.924
2018-06-14_16:21, 27.0625, 432, 4, 3.26, -14.301, 84.62, 4.624, 3.715, 127.861, 591.229
2018-06-14_16:22, 26.9375, 425, 3, 3.25, -14.814, 75.75, 4.57, 3.71, 124.767, 570.185
2018-06-14_16:23, 26.5, 426, 3, 3.26, -17.596, 83.0, 4.57, 3.705, 126.83, 579.613
2018-06-14_16:25, 26.5, 442, 6, 3.3, -1.576, 88.64, 4.731, 3.705, 117.55, 556.129
2018-06-14_16:26, 27.0625, 549, 22, 3.25, -7.419, 96.7, 4.462, 3.71, 119.612, 533.709
2018-06-14_16:27, 26.125, 450, 7, 3.25, -16.933, 80.59, 4.839, 3.7, 108.269, 523.914
2018-06-14_16:29, 26.5625, 476, 11, 3.26, -18.632, 73.33, 4.731, 3.666, 73.211, 346.361
2018-06-14_16:31, 26.375, 444, 6, 3.23, -17.882, 74.95, 4.731, 3.617, 74.242, 351.239
2018-06-14_16:32, 25.875, 421, 3, 3.2, -15.65, 71.72, 4.677, 3.675, 83.522, 390.632
2018-06-14_16:33, 25.25, 473, 11, 3.2, -17.91, 78.97, 4.731, 3.7, 90.74, 429.291
2018-06-14_16:35, 25.5, 462, 9, 3.24, -2.278, 88.64, 4.57, 3.69, 107.238, 490.078
2018-06-14_16:36, 24.8125, 483, 12, 3.25, -18.405, 82.2, 4.462, 3.675, 97.958, 437.089
2018-06-14_16:37, 24.6875, 483, 12, 3.25, -19.326, 81.39, 4.731, 3.675, 95.896, 453.684
2018-06-14_16:39, 24.75, 486, 13, 3.26, -17.338, 87.03, 4.785, 3.656, 87.647, 419.391
2018-06-14_16:40, 24.625, 537, 20, 3.27, -17.22, 81.39, 4.677, 3.661, 85.584, 400.276
2018-06-14_16:41, 24.5625, 546, 22, 3.22, -16.005, 76.56, 4.355, 3.675, 81.46, 354.758
2018-06-14_16:43, 24.625, 501, 15, 3.26, -18.408, 79.78, 4.731, 3.661, 86.615, 409.776
2018-06-14_16:45, 25.0625, 519, 18, 3.25, -18.049, 74.14, 4.731, 3.656, 82.491, 390.265
2018-06-14_16:46, 25.125, 502, 15, 3.26, -22.339, 76.56, 4.731, 3.646, 73.211, 346.361
2018-06-14_16:47, 24.1875, 500, 15, 3.26, -13.554, 76.56, 4.731, 3.646, 80.429, 380.51
2018-06-14_16:49, 24.75, 491, 13, 3.26, -16.541, 73.33, 4.677, 3.646, 81.46, 380.988
2018-06-14_16:50, 24.375, 564, 24, 3.26, -14.569, 74.14, 4.462, 3.651, 82.491, 368.075
2018-06-14_16:51, 25.75, 1009, 92, 3.26, -18.119, 58.83, 2.312, 3.631, 16.498, 38.143
2018-06-14_16:53, 26.375, 1231, 126, 3.26, -6.669, 65.27, 4.516, 3.612, 45.37, 204.891
2018-06-14_16:54, 26.9375, 1077, 103, 3.28, -14.076, 70.11, 4.624, 3.646, 73.211, 338.528
2018-06-14_16:55, 27.9375, 1113, 108, 3.27, -9.189, 87.03, 4.409, 3.671, 102.082, 450.08
2018-06-14_16:57, 29.3125, 902, 76, 3.26, 4.352, 238.53, 19.086, 4.022, 185.605, 3542.457
2018-06-14_16:58, 31.125, 907, 77, 3.3, 4.352, 249.82, 18.602, 3.983, 188.698, 3510.16
2018-06-14_17:00, 33.125, 930, 80, 3.26, 4.18, 249.01, 18.925, 4.022, 192.822, 3649.156
2018-06-14_17:01, 34.3125, 970, 86, 3.26, 3.906, 260.29, 18.172, 4.047, 188.698, 3429.02
2018-06-14_17:03, 34.875, 702, 46, 3.26, 4.293, 258.68, 18.71, 4.047, 197.978, 3704.168
2018-06-14_17:04, 35.6875, 717, 48, 3.27, -13.691, 104.76, 4.677, 3.695, 113.425, 530.489
2018-06-14_17:05, 35.375, 569, 25, 3.26, 4.352, 235.31, 18.656, 4.062, 200.04, 3731.946
2018-06-14_17:07, 35.0625, 575, 26, 3.27, 4.352, 234.51, 18.602, 4.042, 203.134, 3778.699
2018-06-15_15:28, 34.9375, 618, 33, 3.26, -21.492, 91.06, 4.839, 3.661, 65.993, 319.34
2018-06-15_15:30, 34.375, 780, 57, 3.26, -28.232, 78.17, 1.29, 3.636, 22.685, 29.264
2018-06-15_15:31, 33.6875, 1083, 104, 3.26, -22.961, 83.0, 3.817, 3.651, 18.56, 70.844
2018-06-15_15:32, 33.0625, 1341, 143, 3.27, -22.824, 91.06, 4.086, 3.631, 24.747, 101.116
2018-06-15_15:34, 32.625, 1608, 184, 3.26, -21.455, 101.54, 3.71, 3.646, 30.934, 114.765
2018-06-15_15:35, 32.0625, 1895, 227, 3.26, -22.742, 90.26, 3.602, 3.636, 24.747, 89.139
2018-06-15_15:37, 31.5625, 2162, 268, 3.26, -10.725, 98.32, 3.817, 3.661, 28.872, 110.204
2018-06-15_15:38, 31.375, 2466, 314, 3.26, -24.408, 97.51, 3.656, 3.636, 30.934, 113.095
2018-06-15_15:39, 31.0, 2666, 345, 3.26, -18.484, 91.06, 3.817, 3.631, 25.778, 98.395
2018-06-15_15:41, 30.6875, 2954, 389, 3.27, -24.662, 91.87, 3.656, 3.627, 30.934, 113.095
2018-06-15_15:42, 30.4375, 3194, 425, 3.26, -19.86, 86.23, 3.817, 3.651, 28.872, 110.204
2018-06-15_15:44, 30.1875, 3431, 461, 3.27, -24.362, 87.84, 4.086, 3.641, 26.81, 109.546
2018-06-15_15:45, 29.9375, 3780, 514, 3.27, -9.915, 107.99, 3.763, 3.622, 30.934, 116.405
2018-06-15_15:46, 29.8125, 3898, 532, 3.26, -23.457, 97.51, 3.602, 3.636, 26.81, 96.57
2018-06-15_15:48, 29.5625, 4186, 576, 3.26, -21.694, 99.12, 3.817, 3.622, 17.529, 66.908
2018-06-15_15:49, 28.9375, 3394, 456, 3.25, -25.098, 94.29, 3.817, 3.612, 25.778, 98.395
2018-06-15_15:51, 27.3125, 2388, 302, 3.26, -22.975, 95.09, 4.086, 3.627, 24.747, 101.116
2018-06-15_15:52, 27.0625, 2560, 329, 3.25, -34.735, 88.64, 3.871, 3.617, 26.81, 103.782
2018-06-15_15:53, 26.75, 2583, 332, 3.25, -22.252, 99.12, 3.817, 3.612, 19.592, 74.783
2018-06-14_16:21, 22.9375, 400, 0, 3.15, -21.901, 127.33, 3.71, 3.7, 19.592, 72.686
2018-06-14_16:24, 23.0, 400, 0, 3.28, -22.618, 132.16, 3.871, 3.69, 17.529, 67.855
2018-06-14_16:27, 23.125, 400, 0, 3.3, -23.493, 137.8, 3.656, 3.695, 19.592, 71.628
2018-06-14_16:30, 23.25, 400, 0, 3.23, -22.872, 137.8, 3.656, 3.695, 19.592, 71.628
2018-06-14_16:33, 23.1875, 409, 1, 3.04, -21.255, 149.08, 3.925, 3.715, 18.56, 72.848
2018-06-14_16:36, 23.25, 406, 0, 3.06, -22.78, 139.41, 3.71, 3.685, 15.467, 57.383
2018-06-14_16:38, 23.4375, 405, 0, 3.3, -23.025, 132.97, 3.656, 3.695, 22.685, 82.936
2018-06-14_16:41, 23.375, 427, 4, 3.22, -23.727, 134.58, 4.032, 3.69, 16.498, 66.52
2018-06-14_16:44, 23.5625, 400, 0, 3.27, -22.775, 136.19, 3.817, 3.68, 15.467, 59.038
2018-06-14_16:47, 23.5, 410, 1, 3.03, -24.602, 131.36, 3.817, 3.68, 16.498, 62.973
2018-06-14_16:50, 23.5625, 414, 2, 3.26, -22.166, 11.28, 3.71, 3.695, 15.467, 57.383
2018-06-14_16:53, 23.5, 407, 1, 3.3, -20.98, 5.64, 3.871, 3.685, 17.529, 67.855
2018-06-14_16:56, 23.5625, 407, 1, 3.25, -20.485, 0.81, 3.71, 3.671, 15.467, 57.383
2018-06-14_16:59, 23.625, 414, 2, 3.3, -22.068, 0.0, 3.817, 3.671, 19.592, 74.783
2018-06-19_12:19, 23.6875, 420, 3, 3.22, -19.836, 6.45, 3.602, 3.695, 19.592, 70.57
2018-06-19_12:22, 23.625, 435, 5, 3.18, -20.537, 2.42, 3.763, 3.69, 17.529, 65.962
2018-06-19_12:25, 23.625, 422, 3, 3.27, -20.98, 0.0, 3.871, 3.671, 19.592, 75.841
2018-06-19_12:28, 24.1875, 405, 0, 3.3, -22.529, 0.0, 3.656, 3.685, 15.467, 56.547
2018-06-19_12:31, 24.25, 403, 0, 3.3, -13.38, 3.22, 3.71, 3.685, 19.592, 72.686
2018-06-19_12:34, 24.1875, 405, 0, 3.23, -13.995, 0.0, 3.817, 3.675, 20.623, 78.718
2018-06-19_12:36, 24.25, 413, 1, 3.3, -13.542, 8.06, 3.763, 3.671, 19.592, 73.725
2018-06-19_12:39, 24.25, 416, 2, 3.24, -15.18, 0.0, 4.032, 3.69, 16.498, 66.52
2018-06-19_12:42, 24.1875, 406, 0, 3.2, -14.741, 3.22, 4.086, 3.671, 17.529, 71.623
2018-06-19_12:45, 24.5625, 438, 5, 3.24, -13.944, 0.0, 3.656, 3.68, 17.529, 64.086
2018-06-19_12:48, 24.4375, 441, 6, 3.26, -32.006, 0.0, 3.925, 3.69, 16.498, 64.755
2018-06-19_12:51, 24.4375, 444, 6, 3.3, -16.213, 0.0, 4.086, 3.69, 20.623, 84.266
2018-06-19_12:54, 24.375, 439, 5, 3.3, -18.505, 0.0, 3.817, 3.7, 22.685, 86.589
2018-06-19_12:57, 24.1875, 442, 6, 3.3, -19.885, 4.84, 3.871, 3.675, 19.592, 75.841
2018-06-19_13:00, 24.3125, 415, 2, 3.2, -20.485, 3.22, 3.656, 3.685, 23.716, 86.706
2018-06-19_13:03, 24.5, 402, 0, 3.25, -20.445, 6.45, 3.71, 3.675, 15.467, 57.383
2018-06-19_13:06, 24.3125, 413, 1, 3.3, -20.733, 5.64, 3.817, 3.69, 22.685, 86.589
2018-06-19_13:08, 24.1875, 410, 1, 3.3, -21.059, 6.45, 3.495, 3.68, 20.623, 72.077
2018-06-19_13:11, 24.0625, 445, 6, 3.11, -21.914, 0.0, 4.032, 3.69, 16.498, 66.52
2018-06-19_13:14, 24.1875, 433, 5, 3.23, -23.05, 0.0, 3.71, 3.666, 19.592, 72.686
2018-06-19_13:17, 24.125, 454, 8, 3.21, -20.918, 0.0, 3.817, 3.671, 17.529, 66.908
2018-06-19_13:20, 24.0, 451, 7, 3.3, -22.704, 8.86, 3.71, 3.675, 22.685, 84.161
2018-06-19_13:23, 24.125, 441, 6, 3.22, -22.785, 0.0, 3.871, 3.671, 17.529, 67.855
2018-06-19_13:26, 24.0625, 455, 8, 3.21, -24.293, 2.42, 3.656, 3.671, 15.467, 56.547
2018-06-19_13:29, 23.75, 434, 5, 3.3, -20.748, 7.25, 4.032, 3.69, 16.498, 66.52
2018-06-19_13:32, 23.8125, 447, 7, 3.05, -21.758, 0.0, 3.656, 3.671, 17.529, 64.086
2018-06-19_13:35, 23.6875, 462, 9, 3.24, -24.111, 11.28, 3.656, 3.68, 15.467, 56.547
2018-06-19_13:58, 24.9375, None, None, 3.24, -23.104, 4.03, 0.0, 0.0, 0.0, 0.0
2018-06-19_13:28, 25.25, 409, 1, 3.2, -9.97, 2.42, 5.538, 3.675, 37.121, 205.576
2018-06-19_13:31, 25.375, 400, 0, 3.18, -6.681, 3.22, 5.484, 3.666, 36.09, 197.918
2018-06-19_13:34, 25.5, 400, 0, 3.2, -11.349, 4.03, 5.323, 3.675, 30.934, 164.662
2018-06-19_13:37, 25.8125, 400, 0, 3.3, -7.453, 6.45, 5.323, 3.666, 31.965, 170.15
2018-06-19_13:39, 25.875, 405, 0, 3.28, -10.006, 22.56, 5.215, 3.675, 31.965, 166.697
2018-06-19_13:42, 25.875, 400, 0, 3.25, -11.074, 11.28, 5.538, 3.68, 32.996, 182.732
2018-06-19_13:45, 25.875, 402, 0, 3.18, -7.354, 0.0, 5.323, 3.675, 29.903, 159.174
2018-06-19_13:48, 26.0625, 410, 1, 3.3, -10.062, 12.09, 5.645, 3.685, 30.934, 174.622
2018-06-19_13:51, 26.1875, 402, 0, 3.21, -10.557, 1.61, 5.699, 3.651, 32.996, 188.044
2018-06-19_13:53, 26.0625, 405, 0, 3.3, -9.524, 3.22, 5.376, 3.651, 34.027, 182.929
2018-06-19_13:56, 26.125, 409, 1, 3.22, -10.647, 4.84, 5.484, 3.651, 32.996, 180.95
2018-06-27_09:58, 26.375, 418, 2, 3.22, -8.175, 0.0, 5.323, 3.675, 36.09, 192.107
2018-06-27_10:01, 26.1875, 417, 2, 3.27, -10.842, 0.0, 5.323, 3.675, 31.965, 170.15
2018-06-27_10:04, 26.1875, 414, 2, 3.3, -9.952, 8.86, 5.376, 3.656, 35.059, 188.477
2018-06-27_10:07, 26.375, 418, 2, 3.13, -10.358, 14.51, 5.699, 3.651, 32.996, 188.044
2018-06-27_10:10, 26.25, 410, 1, 3.19, -11.711, 8.06, 5.323, 3.661, 29.903, 159.174
2018-06-27_10:12, 26.3125, 414, 2, 3.3, -7.436, 0.0, 5.538, 3.661, 32.996, 182.732
2018-06-27_10:15, 26.3125, 410, 1, 3.3, -10.204, 10.48, 5.538, 3.671, 32.996, 182.732
2018-06-27_10:20, 25.9375, 400, 0, 3.16, -11.828, 8.06, 5.161, 3.656, 31.965, 164.971
2018-06-27_10:23, 26.0625, 402, 0, 3.03, -0.718, 0.0, 5.0, 3.656, 31.965, 159.825
2018-06-27_10:26, 26.1875, 415, 2, 3.18, -10.152, 29.01, 4.946, 3.656, 31.965, 158.099
2018-06-27_10:29, 26.25, 423, 3, 3.19, -11.964, 0.0, 5.376, 3.651, 32.996, 177.386
2018-06-27_10:31, 26.3125, 400, 0, 3.22, -11.81, 0.0, 5.054, 3.656, 35.059, 177.188
2018-06-27_10:34, 26.3125, 418, 2, 3.18, -7.998, 0.0, 5.161, 3.661, 37.121, 191.581
2018-06-27_10:37, 26.1875, 422, 3, 3.19, -12.006, 7.25, 5.323, 3.651, 30.934, 164.662
2018-06-27_10:40, 26.4375, 409, 1, 3.21, -9.742, 0.0, 5.108, 3.641, 34.027, 173.81
2018-06-27_10:43, 26.0, 436, 5, 3.22, -9.31, 9.67, 5.323, 3.666, 32.996, 175.638
2018-06-27_10:45, 25.875, 444, 6, 3.23, -12.35, 0.0, 5.161, 3.656, 37.121, 191.581
2018-06-27_10:54, 26.1875, 444, 6, 3.23, -6.128, 12.89, 5.269, 3.646, 31.965, 168.424
2018-06-27_10:56, 26.3125, 454, 8, 3.16, -10.203, 0.0, 5.376, 3.646, 32.996, 177.386
2018-06-27_11:01, 25.75, 455, 8, 3.3, -4.678, 0.0, 5.323, 3.666, 32.996, 175.638
2018-06-27_11:04, 25.875, 465, 9, 3.21, -11.38, 0.0, 5.43, 3.661, 32.996, 179.168
2018-06-27_11:06, 25.3125, 502, 15, 3.18, -11.289, 0.0, 5.108, 3.631, 34.027, 173.81
2018-06-27_12:04, 25.75, 825, 64, 3.22, -11.101, 0.81, 5.161, 3.661, 37.121, 191.581
2018-06-27_12:10, 25.125, 589, 28, 3.25, -9.577, 14.51, 5.161, 3.675, 37.121, 191.581
2018-06-27_12:12, 25.3125, 523, 18, 3.24, -13.489, 0.0, 5.323, 3.651, 31.965, 170.15
2018-06-27_12:15, 25.4375, 493, 14, 3.25, -11.027, 17.73, 5.43, 3.661, 30.934, 167.972
2018-06-27_12:18, 25.5625, 851, 68, 3.24, -11.349, 24.18, 5.108, 3.646, 37.121, 189.614
2018-06-27_12:21, 25.5, 584, 28, 3.24, -10.511, 0.0, 5.0, 3.651, 34.027, 170.135
2018-06-27_12:24, 25.0, 556, 23, 3.26, -7.458, 0.0, 5.269, 3.636, 31.965, 168.424
2018-06-27_12:26, 24.8125, 523, 18, 3.26, -9.081, 5.64, 5.161, 3.656, 31.965, 164.971
2018-06-27_13:40, 25.1875, 498, 14, 3.24, -11.235, 13.7, 5.376, 3.646, 34.027, 182.929
2018-06-27_13:43, 25.125, 508, 16, 3.24, -8.343, 4.84, 5.161, 3.651, 31.965, 164.971
2018-06-27_15:17, 25.3125, 498, 14, 3.24, -11.161, 8.06, 5.108, 3.636, 35.059, 179.081
2018-06-27_16:54, 25.3125, 481, 12, 3.22, -10.631, 8.86, 5.215, 3.636, 31.965, 166.697
2018-06-27_16:57, 25.125, 478, 11, 3.26, -12.388, 0.0, 5.161, 3.656, 34.027, 175.613
2018-06-27_16:59, 24.875, 456, 8, 3.25, -11.187, 0.0, 5.215, 3.666, 37.121, 193.586
2018-06-27_17:02, 25.0625, 444, 6, 3.24, -12.128, 0.0, 5.269, 3.656, 38.152, 201.023
2018-06-27_17:05, 25.125, 425, 3, 3.24, -12.354, 3.22, 5.161, 3.646, 31.965, 164.971
2018-06-27_17:08, 25.3125, 445, 6, 3.26, -11.953, 0.0, 5.269, 3.661, 32.996, 173.856
2018-06-27_17:11, 25.3125, 439, 5, 3.25, -12.546, 1.61, 5.161, 3.636, 37.121, 191.581
2018-06-27_17:14, 25.4375, 427, 4, 3.25, -11.932, 10.48, 5.484, 3.631, 32.996, 180.95
2018-06-27_17:17, 25.4375, 418, 2, 3.26, -11.77, 11.28, 5.161, 3.646, 31.965, 164.971
2018-06-27_17:19, 25.4375, 435, 5, 3.26, -11.196, 4.84, 5.108, 3.627, 35.059, 179.081
2018-06-27_17:22, 25.4375, 428, 4, 3.24, -11.379, 4.03, 5.215, 3.636, 31.965, 166.697
2018-06-27_17:26, 25.4375, 416, 2, 3.27, -11.123, 0.0, 5.376, 3.631, 35.059, 188.477
2018-06-27_17:28, 25.375, 421, 3, 3.25, -11.303, 13.7, 5.376, 3.631, 34.027, 182.929
2018-06-27_17:31, 25.4375, 416, 2, 3.24, -11.007, 7.25, 5.161, 3.636, 36.09, 186.26
2018-06-27_17:34, 25.375, 409, 1, 3.22, -12.437, 11.28, 5.269, 3.641, 32.996, 173.856
2018-06-27_17:37, 25.4375, 409, 1, 3.25, -11.086, 0.0, 5.376, 3.631, 32.996, 177.386
2018-06-27_17:40, 25.4375, 427, 4, 3.26, -12.328, 0.0, 5.269, 3.646, 41.245, 217.32
2018-06-27_17:43, 25.5, 408, 1, 3.25, -12.344, 9.67, 5.054, 3.627, 37.121, 187.61
2018-06-27_17:46, 25.5625, 420, 3, 3.24, -11.1, 7.25, 5.161, 3.641, 34.027, 175.613
2018-06-27_17:48, 25.4375, 448, 7, 3.26, -12.226, 0.0, 5.376, 3.627, 32.996, 177.386
2018-06-27_17:51, 25.4375, 420, 3, 3.25, -11.008, 0.81, 5.484, 3.631, 32.996, 180.95
2018-06-27_17:54, 25.3125, 457, 8, 3.24, -11.263, 0.0, 5.323, 3.631, 32.996, 175.638
2018-06-27_17:57, 25.3125, 452, 7, 3.24, -11.17, 0.0, 5.161, 3.631, 36.09, 186.26
2018-06-27_18:00, 25.3125, 485, 12, 3.24, -11.268, 11.28, 5.376, 3.622, 32.996, 177.386
2018-06-27_18:03, 25.5, 466, 10, 3.25, -12.166, 0.0, 5.376, 3.627, 36.09, 194.02
2018-06-27_18:06, 25.4375, 466, 10, 3.23, -11.811, 0.0, 5.108, 3.622, 40.214, 205.413
2018-06-27_18:09, 25.5, 466, 10, 3.23, -11.111, 3.22, 5.215, 3.631, 38.152, 198.963
2018-06-27_18:12, 25.5, 481, 12, 3.24, -11.951, 0.81, 5.538, 3.631, 34.027, 188.442
2018-06-27_18:15, 25.625, 536, 20, 3.25, -11.199, 7.25, 5.161, 3.617, 36.09, 186.26
2018-06-27_18:17, 24.6875, 611, 32, 3.25, -11.047, 1.61, 5.054, 3.622, 36.09, 182.399
2018-06-27_18:20, 25.125, 650, 38, 3.26, -12.483, 0.0, 5.484, 3.631, 32.996, 180.95
2018-06-27_18:23, 25.0625, 683, 43, 3.3, -7.774, 0.81, 5.323, 3.622, 37.121, 197.595
2018-06-27_18:26, 24.6875, 749, 53, 3.22, -10.78, 5.64, 5.161, 3.627, 36.09, 186.26
2018-06-27_13:35, 24.6875, 800, 60, 3.26, -10.901, 9.67, 5.161, 3.627, 39.183, 202.223
2018-06-27_13:37, 24.875, 834, 66, 3.27, -10.508, 0.0, 5.215, 3.636, 37.121, 193.586
2018-06-27_16:59, 24.75, 868, 71, 3.25, -10.356, 0.0, 5.108, 3.612, 39.183, 200.147
2018-06-27_17:02, 25.125, 865, 70, 3.26, -11.178, 5.64, 5.269, 3.636, 43.308, 228.19
2018-06-27_17:04, 25.25, 913, 78, 3.25, -12.345, 4.03, 5.161, 3.617, 41.245, 212.865
2018-06-27_17:07, 24.625, 945, 83, 3.26, -12.25, 9.67, 5.108, 3.617, 41.245, 210.679
2018-06-27_17:10, 25.0625, 927, 80, 3.27, -11.862, 6.45, 5.591, 3.622, 41.245, 230.601
2018-06-27_17:19, 25.5, 649, 37, 3.22, -11.1, 0.0, 5.376, 3.627, 34.027, 182.929
2018-06-27_21:07, 25.3125, 603, 30, 3.26, -12.385, 0.0, 5.376, 3.607, 41.245, 221.733
2018-06-27_21:10, 25.3125, 533, 20, 3.25, -9.904, 0.0, 5.484, 3.612, 36.09, 197.918
2018-06-27_21:13, 25.4375, 495, 14, 3.25, -11.829, 0.0, 5.108, 3.607, 41.245, 210.679
2018-06-27_14:17, 25.5625, 578, 27, 3.26, -11.189, 11.28, 5.161, 3.617, 39.183, 202.223
2018-06-27_14:19, 25.625, 519, 18, 3.24, -13.248, 9.67, 5.161, 3.617, 40.214, 207.544
2018-06-27_14:22, 25.3125, 515, 17, 3.24, -11.946, 0.0, 5.161, 3.617, 37.121, 191.581
2018-06-27_14:25, 25.1875, 518, 17, 3.26, -12.059, 6.45, 5.269, 3.612, 36.09, 190.158
2018-06-27_14:28, 25.3125, 520, 18, 3.24, -11.884, 0.81, 5.323, 3.622, 37.121, 197.595
2018-06-27_14:31, 25.125, 600, 30, 3.26, -11.036, 0.0, 5.484, 3.612, 40.214, 220.534
2018-06-27_14:33, 25.125, 575, 26, 3.27, -14.533, 7.25, 5.484, 3.602, 41.245, 226.188
2018-06-27_14:36, 25.3125, 545, 22, 3.22, -12.619, 18.53, 5.323, 3.617, 45.37, 241.505
2018-06-27_14:39, 25.375, 577, 26, 3.24, -8.605, 1.61, 5.376, 3.602, 40.214, 216.19
2018-06-27_14:42, 25.4375, 556, 23, 3.22, -9.391, 0.0, 5.215, 3.612, 40.214, 209.716
2018-06-27_14:45, 25.3125, 500, 15, 3.23, -12.229, 12.89, 5.108, 3.612, 38.152, 194.88
2018-06-27_14:47, 25.25, 584, 28, 3.23, -11.859, 0.0, 5.323, 3.631, 37.121, 197.595
2018-06-27_14:50, 24.9375, 574, 26, 3.24, -11.088, 7.25, 5.215, 3.602, 41.245, 215.093
2018-06-27_14:53, 25.1875, 643, 37, 3.25, -10.835, 5.64, 5.161, 3.592, 40.214, 207.544
2018-06-27_14:56, 25.0625, 733, 50, 3.24, -12.23, 0.0, 5.108, 3.602, 38.152, 194.88
2018-06-27_14:59, 24.875, 715, 47, 3.25, -9.835, 2.42, 5.215, 3.602, 41.245, 215.093
2018-06-27_15:01, 25.0625, 627, 34, 3.25, -12.664, 0.0, 5.376, 3.612, 45.37, 243.909
2018-06-27_15:04, 25.375, 646, 37, 3.27, -11.922, 0.0, 5.376, 3.607, 36.09, 194.02
2018-06-27_15:07, 25.125, 623, 33, 3.25, -11.038, 0.0, 5.108, 3.597, 42.277, 215.951
2018-06-27_15:10, 25.3125, 678, 42, 3.29, -11.664, 0.0, 5.161, 3.607, 40.214, 207.544
2018-06-27_15:13, 25.0625, 657, 39, 3.23, -9.855, 26.59, 5.054, 3.597, 42.277, 213.668
2018-06-27_15:16, 25.1875, 675, 41, 3.25, -11.402, 12.89, 5.591, 3.602, 37.121, 207.544
2018-06-27_15:19, 25.375, 728, 49, 3.25, -11.032, 4.03, 5.161, 3.607, 40.214, 207.544
2018-06-27_15:21, 25.5625, 800, 60, 3.24, -12.411, 0.0, 5.591, 3.602, 34.027, 190.245
2018-06-27_15:24, 25.25, 730, 50, 3.22, -12.49, 12.09, 5.323, 3.597, 41.245, 219.547
2018-06-27_15:27, 25.3125, 688, 43, 3.25, -7.493, 25.79, 5.323, 3.612, 41.245, 219.547
2018-06-27_15:30, 25.625, 653, 38, 3.25, -11.665, 6.45, 5.161, 3.597, 45.37, 234.155
2018-06-27_15:33, 25.8125, 640, 36, 3.25, -12.112, 12.89, 5.484, 3.602, 43.308, 237.501
2018-06-27_15:35, 25.875, 744, 52, 3.28, -13.799, 15.31, 5.376, 3.587, 41.245, 221.733
2018-06-27_15:38, 25.3125, 800, 60, 3.27, -12.295, 12.89, 5.215, 3.602, 44.339, 231.228
2018-06-27_15:41, 25.75, 785, 58, 3.24, -12.315, 0.0, 5.323, 3.607, 47.432, 252.481
2018-06-27_15:44, 25.5, 715, 47, 3.23, -12.453, 0.0, 5.43, 3.622, 41.245, 223.96
2018-06-27_15:47, 26.0, 584, 28, 3.23, -11.09, 15.31, 5.376, 3.587, 47.432, 254.994
2018-06-27_15:50, 25.8125, 646, 37, 3.24, -10.995, 0.0, 5.376, 3.597, 45.37, 243.909
2018-06-27_15:52, 25.9375, 570, 25, 3.26, -11.013, 12.09, 5.376, 3.607, 47.432, 254.994
2018-06-27_15:55, 26.0625, 552, 23, 3.26, -7.36, 0.0, 5.0, 3.592, 47.432, 237.16
2018-06-27_15:58, 25.6875, 555, 23, 3.24, -12.842, 16.92, 5.591, 3.583, 41.245, 230.601
2018-06-27_16:01, 25.6875, 702, 46, 3.23, -12.177, 8.06, 5.43, 3.612, 41.245, 223.96
2018-06-27_16:04, 25.875, 763, 55, 3.23, -11.135, 8.86, 4.301, 3.587, 40.214, 172.96
2018-06-27_16:06, 25.875, 787, 58, 3.25, -11.141, 0.0, 4.247, 3.587, 48.463, 205.822
2018-06-27_16:09, 26.125, 735, 51, 3.22, -12.246, 5.64, 4.355, 3.612, 52.588, 229.021
2018-06-27_16:12, 26.3125, 564, 24, 3.25, -12.298, 2.42, 4.462, 3.592, 56.712, 253.049
2018-06-27_16:15, 26.3125, 577, 26, 3.25, -11.34, 0.0, 4.355, 3.597, 56.712, 246.981
2018-06-27_16:18, 25.875, 551, 23, 3.26, -11.081, 5.64, 4.462, 3.578, 57.744, 257.654
2018-06-27_16:21, 25.625, 596, 29, 3.26, -11.388, 0.0, 4.355, 3.592, 59.806, 260.455
2018-06-27_16:24, 25.375, 641, 36, 3.24, -12.21, 9.67, 4.301, 3.587, 59.806, 257.226
2018-06-27_16:26, 25.625, 641, 36, 3.26, -4.937, 0.0, 4.409, 3.587, 58.775, 259.139
2018-06-27_16:29, 26.0625, 607, 31, 3.25, -9.959, 0.0, 4.516, 3.573, 58.775, 265.428
2018-06-27_16:32, 26.1875, 603, 30, 3.24, -12.17, 1.61, 4.409, 3.578, 68.055, 300.054
2018-06-27_16:35, 26.5, 591, 29, 3.23, -10.006, 0.0, 4.57, 3.597, 77.335, 353.421
2018-06-27_16:38, 26.1875, 570, 25, 3.27, -11.091, 6.45, 4.57, 3.612, 84.553, 386.407
2018-06-27_16:40, 26.0, 633, 35, 3.25, -12.059, 4.03, 5.054, 3.602, 90.74, 458.6
2018-06-27_16:43, 26.125, 594, 29, 3.26, -4.152, 4.03, 4.731, 3.607, 107.238, 507.343
2018-06-27_16:46, 26.1875, 543, 21, 3.23, -11.765, 0.0, 4.677, 3.597, 116.518, 544.955
2018-06-27_16:49, 26.0, 602, 30, 3.26, -12.112, 6.45, 4.516, 3.607, 135.079, 610.017
2018-06-27_16:52, 26.0, 605, 31, 3.25, -12.487, 8.06, 4.731, 3.607, 151.577, 717.111
2018-06-27_16:55, 26.25, 524, 18, 3.26, -12.22, 0.0, 4.516, 3.602, 154.67, 698.49
2018-06-27_16:57, 26.3125, 498, 14, 3.25, -12.186, 0.0, 4.516, 3.617, 163.951, 740.403
2018-06-27_17:00, 26.1875, 840, 67, 3.24, -11.013, 2.42, 4.677, 3.607, 181.48, 848.782
2018-06-27_17:03, 26.1875, 643, 37, 3.2, -10.905, 16.12, 4.355, 3.636, 202.103, 880.159
2018-06-27_17:06, 26.25, 584, 28, 3.3, -11.102, 0.0, 4.409, 3.641, 234.068, 1032.006
2018-06-27_17:09, 26.25, 637, 36, 3.21, -11.824, 0.0, 4.247, 3.636, 266.033, 1129.842
2018-06-27_17:11, 26.4375, 586, 28, 3.24, -12.675, 14.51, 4.301, 3.651, 291.812, 1255.083
2018-06-27_17:15, 26.25, 637, 36, 3.29, -11.147, 57.22, 4.194, 3.675, 327.901, 1375.217
2018-06-27_17:18, 26.375, 578, 27, 3.24, -12.149, 49.96, 4.731, 3.671, 357.804, 1692.771
2018-06-27_17:20, 26.1875, 641, 36, 3.25, -11.992, 47.55, 3.978, 3.71, 401.112, 1595.624
2018-06-27_17:23, 26.25, 623, 33, 3.24, -11.238, 0.0, 4.194, 3.7, 421.735, 1768.757
2018-06-27_17:26, 26.375, 602, 30, 3.25, -11.584, 25.79, 4.247, 3.7, 449.575, 1909.345
2018-06-27_17:29, 26.375, 577, 26, 3.27, -11.463, 15.31, 4.301, 3.715, 469.167, 2017.887
2018-06-27_17:32, 26.375, 596, 29, 3.25, -10.97, 16.12, 3.871, 3.715, 479.478, 1856.059
2018-06-27_17:34, 26.5, 567, 25, 3.25, -12.145, 8.06, 4.301, 3.719, 483.603, 2079.977
2018-06-27_17:37, 26.5, 588, 28, 3.28, -9.849, 0.0, 4.032, 3.729, 483.603, 1949.887
2018-06-27_17:40, 26.5, 612, 32, 3.25, -10.97, 15.31, 4.301, 3.734, 482.572, 2075.542
2018-06-27_17:43, 26.5625, 591, 29, 3.26, -4.641, 1.61, 4.086, 3.719, 507.319, 2072.905
2018-06-27_17:46, 26.625, 594, 29, 3.25, -11.079, 0.0, 4.301, 3.729, 502.163, 2159.803
2018-06-27_17:49, 26.8125, 605, 31, 3.22, -12.224, 0.0, 4.409, 3.729, 504.226, 2223.132
2018-06-27_17:51, 26.625, 596, 29, 3.25, -10.77, 7.25, 4.086, 3.719, 497.008, 2030.775
2018-06-27_17:54, 26.6875, 572, 26, 3.25, -11.073, 0.0, 4.247, 3.739, 495.977, 2106.414
2018-06-27_17:57, 26.5, 612, 32, 3.23, -11.234, 0.0, 4.355, 3.734, 493.914, 2150.995
2018-06-27_18:00, 26.6875, 569, 25, 3.26, -9.078, 0.0, 4.409, 3.724, 489.79, 2159.484
2018-06-27_18:03, 26.9375, 612, 32, 3.29, -12.311, 0.0, 4.247, 3.729, 481.541, 2045.105
2018-06-27_18:05, 27.0625, 611, 32, 3.27, -11.792, 0.0, 4.462, 3.719, 479.478, 2139.431
2018-06-27_18:08, 27.1875, 611, 32, 3.26, -11.665, 0.0, 4.57, 3.734, 476.385, 2177.079
2018-06-27_18:11, 27.25, 584, 28, 3.22, -12.19, 20.95, 4.355, 3.729, 469.167, 2043.222
2018-06-27_18:14, 27.625, 659, 39, 3.28, -12.034, 0.0, 3.978, 3.724, 466.074, 1854.042
2018-06-27_18:17, 27.5, 618, 33, 3.23, -12.227, 0.0, 4.301, 3.744, 470.198, 2022.322
2018-06-27_18:20, 27.625, 612, 32, 3.3, -11.375, 0.0, 4.247, 3.729, 460.918, 1957.519
2018-06-27_18:22, 27.8125, 614, 32, 3.27, -12.405, 12.09, 3.925, 3.734, 458.856, 1801.01
2018-06-27_18:25, 27.875, 638, 36, 3.22, -12.041, 0.0, 3.978, 3.719, 455.762, 1813.021
2018-06-27_18:28, 28.0, 671, 41, 3.23, -11.667, 0.0, 4.624, 3.729, 445.451, 2059.765
2018-06-27_18:31, 28.0, 710, 47, 3.23, -11.042, 0.0, 4.516, 3.734, 441.326, 1993.028
2018-06-27_18:34, 28.1875, 702, 46, 3.25, -12.199, 0.0, 4.731, 3.749, 433.077, 2048.887
2018-06-27_18:36, 28.1875, 744, 52, 3.24, -12.126, 0.0, 4.57, 3.754, 428.953, 1960.315
2018-06-27_18:39, 28.1875, 744, 52, 3.23, -11.956, 0.0, 4.516, 3.734, 417.61, 1885.927
2018-06-27_18:42, 28.3125, 768, 56, 3.22, -10.854, 0.0, 3.817, 3.71, 419.672, 1601.888
2018-06-27_18:45, 28.375, 774, 56, 3.27, -12.319, 102.34, 4.247, 3.739, 410.392, 1742.935
2018-06-27_18:48, 28.375, 806, 61, 3.25, -10.906, 0.0, 4.247, 3.715, 405.237, 1721.042
2018-06-27_18:51, 28.5625, 806, 61, 3.26, -12.348, 0.0, 4.516, 3.734, 392.863, 1774.169
2018-06-27_18:53, 28.5, 808, 62, 3.3, -11.331, 0.0, 4.57, 3.729, 382.552, 1748.263
2018-06-27_18:56, 28.6875, 793, 59, 3.27, -11.899, 99.93, 4.194, 3.719, 384.614, 1613.071
2018-06-27_18:59, 28.75, 800, 60, 3.26, -10.986, 0.0, 4.301, 3.734, 376.365, 1618.746
2018-06-27_19:02, 28.75, 815, 63, 3.25, -12.112, 0.0, 4.731, 3.719, 366.053, 1731.797
2018-06-27_19:04, 28.75, 783, 58, 3.29, -10.992, 28.21, 4.516, 3.729, 366.053, 1653.095
2018-06-27_19:07, 28.8125, 832, 65, 3.3, -10.984, 29.01, 4.892, 3.739, 354.711, 1735.246
2018-06-27_19:10, 28.8125, 798, 60, 3.25, -12.472, 0.0, 4.731, 3.71, 343.368, 1624.474
2018-06-27_19:13, 28.875, 780, 57, 3.28, -12.726, 0.0, 4.516, 3.705, 337.182, 1522.714
2018-06-27_19:16, 28.875, 802, 61, 3.21, -13.358, 65.27, 4.462, 3.724, 336.15, 1499.901
2018-06-27_19:19, 29.0, 795, 60, 3.27, -10.88, 59.63, 4.247, 3.7, 321.714, 1366.319
2018-06-27_19:21, 29.0, 776, 57, 3.28, -11.076, 16.12, 4.516, 3.715, 317.59, 1434.236
2018-06-27_19:24, 29.0625, 793, 59, 3.27, -10.144, 4.84, 4.677, 3.729, 312.434, 1461.254
2018-06-27_19:27, 29.0625, 802, 61, 3.27, -11.469, 3.22, 4.462, 3.715, 300.061, 1338.872
2018-06-27_19:30, 29.0625, 800, 60, 3.23, -11.841, 0.0, 4.677, 3.705, 299.029, 1398.559
2018-06-27_19:32, 29.1875, 793, 59, 3.23, -11.011, 42.71, 4.301, 3.7, 292.843, 1259.518
2018-06-27_19:35, 29.1875, 787, 58, 3.23, -11.108, 4.03, 4.032, 3.71, 287.687, 1159.954
2018-06-27_19:38, 29.1875, 802, 61, 3.24, -12.633, 66.08, 4.301, 3.715, 277.376, 1192.994
2018-06-27_19:41, 29.0625, 806, 61, 3.22, -12.286, 0.0, 4.516, 3.715, 274.282, 1238.658
2018-06-27_19:44, 29.25, 802, 61, 3.25, -11.942, 1.61, 4.624, 3.695, 266.033, 1230.137
2018-06-27_19:46, 29.25, 802, 61, 3.24, -12.195, 0.0, 4.731, 3.695, 263.971, 1248.847
2018-06-27_19:49, 29.1875, 802, 61, 3.28, -11.098, 0.0, 4.516, 3.695, 255.722, 1154.841
2018-06-27_19:52, 29.25, 815, 63, 3.26, -12.431, 0.0, 4.785, 3.71, 252.628, 1208.825
2018-06-27_19:55, 29.1875, 802, 61, 3.25, -11.066, 0.0, 4.677, 3.719, 252.628, 1181.541
2018-06-27_19:58, 29.25, 815, 63, 3.25, -12.143, 0.0, 4.247, 3.685, 242.317, 1029.12
2018-06-27_20:01, 29.25, 817, 63, 3.24, -10.948, 20.15, 4.194, 3.68, 235.099, 986.005
2018-06-27_20:03, 29.3125, 836, 66, 3.26, -12.372, 0.0, 4.624, 3.675, 226.85, 1048.954
2018-06-27_20:06, 29.3125, 844, 67, 3.25, -11.199, 0.0, 4.516, 3.675, 221.694, 1001.17
2018-06-27_20:09, 29.3125, 853, 69, 3.27, -12.322, 0.0, 4.57, 3.69, 219.632, 1003.718
2018-06-27_20:12, 29.3125, 848, 68, 3.28, -12.105, 0.0, 4.462, 3.69, 207.258, 924.785
2018-06-27_20:14, 29.25, 877, 72, 3.27, -12.329, 26.59, 4.516, 3.69, 201.072, 908.041
2018-06-27_20:17, 29.3125, 853, 69, 3.29, -12.878, 6.45, 4.624, 3.675, 190.76, 882.074
2018-06-27_20:20, 29.25, 838, 66, 3.25, -12.389, 0.0, 4.731, 3.7, 185.605, 878.097
2018-06-27_20:23, 29.3125, 865, 70, 3.24, -12.386, 4.84, 4.731, 3.69, 182.511, 863.46
2018-06-27_20:26, 29.3125, 853, 69, 3.25, -11.02, 6.45, 4.839, 3.68, 175.293, 848.243
2018-06-27_20:29, 29.3125, 868, 71, 3.24, -12.325, 0.0, 4.677, 3.685, 173.231, 810.201
2018-06-27_20:31, 29.375, 865, 70, 3.26, -11.813, 0.0, 4.462, 3.675, 164.982, 736.15
2018-06-27_20:34, 29.3125, 880, 73, 3.25, -11.021, 0.0, 4.677, 3.661, 157.764, 737.862
2018-06-27_20:37, 29.375, 874, 72, 3.26, -12.338, 0.0, 4.624, 3.656, 156.733, 724.733
2018-06-27_20:40, 29.3125, 880, 73, 3.23, -12.183, 7.25, 4.839, 3.666, 143.328, 693.564
2018-06-27_20:42, 29.375, 895, 75, 3.24, -12.446, 6.45, 4.731, 3.651, 140.235, 663.452
2018-06-27_20:45, 29.375, 880, 73, 3.26, -11.876, 1.61, 4.677, 3.661, 135.079, 631.764
2018-06-27_20:48, 29.375, 889, 74, 3.25, -12.42, 0.0, 4.516, 3.656, 130.954, 591.388
2018-06-27_20:51, 29.25, 889, 74, 3.26, -11.769, 7.25, 4.946, 3.651, 118.581, 586.502
2018-06-27_20:54, 29.375, 874, 72, 3.27, -12.253, 3.22, 4.785, 3.675, 119.612, 572.343
2018-06-27_20:57, 29.3125, 874, 72, 3.26, -12.308, 4.84, 4.677, 3.651, 113.425, 530.489
2018-06-27_20:59, 29.3125, 874, 72, 3.27, -12.613, 0.0, 4.462, 3.656, 106.207, 473.896
2018-06-27_21:02, 29.3125, 889, 74, 3.24, -11.113, 0.0, 4.731, 3.646, 101.051, 478.072
2018-06-27_21:05, 29.3125, 895, 75, 3.23, -12.351, 15.31, 4.946, 3.641, 93.833, 464.098
2018-06-27_21:08, 29.25, 889, 74, 3.25, -11.149, 5.64, 4.301, 3.646, 94.865, 408.014
2018-06-27_21:11, 29.3125, 907, 77, 3.23, -11.083, 10.48, 4.624, 3.656, 90.74, 419.582
2018-06-27_21:13, 29.3125, 895, 75, 3.25, -12.197, 2.42, 4.839, 3.631, 83.522, 404.163
2018-06-27_21:16, 29.375, 907, 77, 3.22, -11.144, 11.28, 4.624, 3.631, 74.242, 343.295
2018-06-27_21:19, 29.25, 930, 80, 3.24, -11.221, 3.22, 4.409, 3.636, 71.148, 313.692
2018-06-27_21:22, 29.25, 930, 80, 3.22, -11.304, 8.86, 4.032, 3.641, 44.339, 178.775
2018-06-27_21:25, 29.1875, 930, 80, 3.25, -12.309, 5.64, 4.516, 3.627, 41.245, 186.262
2018-06-27_21:27, 29.1875, 930, 80, 3.25, -11.207, 0.0, 4.57, 3.651, 51.557, 235.615
2018-06-27_21:30, 29.25, 949, 83, 3.25, -12.253, 8.06, 4.301, 3.636, 46.401, 199.571
2018-06-27_21:33, 29.25, 930, 80, 3.24, -11.189, 0.0, 4.462, 3.622, 25.778, 115.021
2018-06-27_21:36, 29.125, 925, 79, 3.25, -12.195, 0.0, 4.409, 3.651, 28.872, 127.297
2018-06-27_21:39, 29.0625, 956, 84, 3.26, -13.778, 7.25, 4.624, 3.617, 28.872, 133.504
2018-06-27_21:41, 29.0625, 949, 83, 3.25, -12.42, 6.45, 4.247, 3.641, 31.965, 135.755
2018-06-27_21:44, 29.0625, 972, 87, 3.26, -12.321, 0.0, 4.086, 3.617, 30.934, 126.396
2018-06-27_21:47, 29.125, 956, 84, 3.24, -12.335, 8.06, 3.817, 3.627, 27.841, 106.269
2018-06-27_21:50, 29.0625, 956, 84, 3.25, -12.489, 0.0, 3.656, 3.617, 27.841, 101.787
2018-06-27_21:53, 29.125, 949, 83, 3.26, -11.128, 0.0, 3.871, 3.617, 30.934, 119.746
2018-06-27_21:56, 29.0625, 983, 88, 3.26, -12.484, 8.06, 3.495, 3.636, 28.872, 100.908
2018-06-27_21:58, 29.0625, 972, 87, 3.27, -11.151, 0.0, 3.817, 3.641, 29.903, 114.14
2018-06-27_22:01, 29.0625, 972, 87, 3.25, -12.229, 0.0, 3.871, 3.622, 25.778, 99.787
2018-06-27_22:04, 29.0, 977, 87, 3.25, -12.39, 11.28, 3.656, 3.617, 27.841, 101.787
2018-06-27_22:07, 29.0625, 983, 88, 3.26, -12.619, 0.0, 3.656, 3.622, 25.778, 94.244
2018-06-27_22:09, 29.0, 995, 90, 3.24, -11.222, 0.0, 3.71, 3.607, 19.592, 72.686
2018-06-27_22:12, 29.0, 995, 90, 3.25, -12.279, 13.7, 4.086, 3.622, 20.623, 84.266
2018-06-27_22:15, 29.0, 983, 88, 3.26, -11.369, 9.67, 3.763, 3.612, 16.498, 62.082
2018-06-27_22:18, 29.0, 995, 90, 3.26, -11.183, 0.0, 3.118, 3.617, 17.529, 54.655
2018-06-27_22:20, 28.9375, 1001, 91, 3.26, -12.36, 25.79, 3.118, 3.617, 20.623, 64.303
2018-06-27_22:24, 28.9375, 1001, 91, 3.26, -12.093, 4.84, 2.742, 3.622, 17.529, 48.065
2018-06-27_22:26, 28.875, 983, 88, 3.26, -11.139, 0.0, 3.011, 3.602, 16.498, 49.675
2018-06-27_22:29, 28.9375, 983, 88, 3.25, -12.247, 9.67, 2.634, 3.631, 20.623, 54.321
2018-06-27_22:32, 28.875, 1012, 93, 3.23, -12.262, 0.81, 2.796, 3.617, 20.623, 57.662
2018-06-27_22:35, 28.75, 1004, 92, 3.24, -11.184, 0.0, 2.097, 3.597, 20.623, 43.246
2018-06-27_22:37, 28.8125, 1012, 93, 3.22, -9.36, 0.0, 2.366, 3.617, 16.498, 39.034
2018-06-27_22:40, 28.875, 1014, 93, 3.25, -11.291, 4.03, 1.935, 3.607, 17.529, 33.919
2018-06-27_22:43, 28.8125, 1001, 91, 3.26, -11.127, 0.0, 1.72, 3.622, 24.747, 42.565
2018-06-27_22:46, 28.8125, 1019, 94, 3.27, -12.412, 11.28, 1.398, 3.597, 28.872, 40.363
2018-06-27_22:48, 28.75, 1014, 93, 3.26, -12.409, 13.7, 0.968, 3.592, 27.841, 26.95
2018-06-27_22:51, 28.75, 1019, 94, 3.24, -12.172, 0.0, 0.968, 3.607, 106.207, 102.808
2018-06-27_22:54, 28.75, 1004, 92, 3.28, -12.417, 0.0, 0.86, 3.607, 89.709, 77.15
2018-06-27_22:57, 28.75, 1019, 94, 3.26, -12.348, 0.0, 1.075, 3.607, 74.242, 79.81
2018-06-27_23:00, 28.75, 1004, 92, 3.24, -12.532, 0.81, 0.86, 3.592, 52.588, 45.226
2018-06-27_23:03, 28.75, 1004, 92, 3.23, -11.291, 10.48, 0.43, 3.612, 36.09, 15.519
2018-06-27_23:05, 28.6875, 1014, 93, 3.25, -11.307, 0.0, 0.376, 3.597, 29.903, 11.244
2018-06-27_23:08, 28.75, 1014, 93, 3.24, -12.324, 12.09, 0.376, 3.622, 28.872, 10.856
2018-06-27_23:11, 28.6875, 1038, 97, 3.25, -11.166, 6.45, 0.215, 3.607, 23.716, 5.099
2018-06-27_23:14, 28.5625, 1060, 100, 3.24, -11.083, 0.0, 0.054, 3.602, 21.654, 1.169
2018-06-27_23:17, 28.625, 1029, 95, 3.25, -12.303, 0.0, 0.269, 3.587, 23.716, 6.38
2018-06-27_23:19, 28.5625, 1068, 101, 3.23, -11.271, 0.0, 0.161, 3.602, 17.529, 2.822
2018-06-27_23:22, 28.625, 1050, 99, 3.25, -12.661, 0.0, 0.161, 3.612, 16.498, 2.656
2018-06-27_23:25, 28.5625, 1041, 97, 3.25, -13.585, 0.0, 0.108, 3.578, 20.623, 2.227
2018-06-27_23:28, 28.5625, 1041, 97, 3.25, -11.276, 0.0, 0.0, 3.587, 15.467, 0.0
2018-06-27_23:31, 28.5, 1035, 96, 3.25, -11.325, 7.25, 0.161, 3.612, 16.498, 2.656
2018-06-27_23:33, 28.5, 1050, 99, 3.24, -11.415, 0.0, 0.0, 3.578, 16.498, 0.0
2018-06-27_23:36, 28.4375, 1050, 99, 3.25, -11.277, 2.42, 0.0, 3.583, 16.498, 0.0
2018-06-27_23:39, 28.4375, 1050, 99, 3.26, -11.144, 8.86, 0.0, 3.578, 15.467, 0.0
2018-06-27_23:42, 28.5, 1044, 98, 3.25, -11.795, 0.0, 0.323, 3.573, 14.436, 4.663
2018-06-27_23:45, 28.375, 1050, 99, 3.25, -12.506, 1.61, 0.0, 3.592, 11.342, 0.0
2018-06-27_23:47, 28.5, 1050, 99, 3.24, -12.39, 0.0, 0.0, 3.583, 14.436, 0.0
2018-06-27_23:50, 28.375, 1053, 99, 3.25, -11.243, 3.22, 0.0, 3.597, 13.405, 0.0
2018-06-27_23:53, 28.4375, 1060, 100, 3.25, -12.335, 4.84, 0.0, 3.578, 15.467, 0.0
2018-06-27_23:56, 28.3125, 1062, 100, 3.23, -12.108, 0.0, 0.0, 3.578, 15.467, 0.0
2018-06-27_23:59, 28.3125, 1038, 97, 3.25, -11.113, 0.0, 0.054, 3.602, 12.374, 0.668
2018-06-28_00:01, 28.3125, 1077, 103, 3.24, -11.933, 3.22, 0.0, 3.573, 11.342, 0.0
2018-06-28_00:04, 28.3125, 1062, 100, 3.25, -12.39, 18.53, 0.0, 3.583, 14.436, 0.0
2018-06-28_00:07, 28.3125, 1062, 100, 3.26, -11.213, 8.86, 0.0, 3.583, 7.218, 0.0
2018-06-28_00:10, 28.3125, 1062, 100, 3.26, -12.564, 7.25, 0.0, 3.578, 15.467, 0.0
2018-06-28_00:13, 28.1875, 1047, 98, 3.23, -12.566, 5.64, 0.0, 3.568, 12.374, 0.0
2018-06-28_00:15, 28.25, 1062, 100, 3.24, -12.309, 0.0, 0.0, 3.592, 18.56, 0.0
2018-06-28_00:18, 28.1875, 1083, 104, 3.26, -11.188, 3.22, 0.0, 3.592, 16.498, 0.0
2018-06-28_00:21, 28.125, 1060, 100, 3.26, -11.305, 0.0, 0.215, 3.573, 11.342, 2.439
2018-06-28_00:24, 28.3125, 1062, 100, 3.25, -12.351, 12.89, 0.0, 3.578, 14.436, 0.0
2018-06-28_00:27, 28.3125, 1074, 102, 3.25, -11.076, 7.25, 0.0, 3.573, 16.498, 0.0
2018-06-28_00:29, 28.1875, 1083, 104, 3.24, -12.558, 0.0, 0.0, 3.573, 15.467, 0.0
2018-06-28_00:32, 28.25, 1047, 98, 3.24, -11.644, 5.64, 0.0, 3.573, 17.529, 0.0
2018-06-28_00:35, 28.25, 1083, 104, 3.26, -12.564, 0.0, 0.215, 3.578, 16.498, 3.547
2018-06-28_00:38, 28.1875, 1068, 101, 3.24, -11.326, 0.0, 0.108, 3.553, 11.342, 1.225
2018-06-28_00:41, 28.25, 1041, 97, 3.25, -11.115, 0.0, 0.0, 3.578, 14.436, 0.0
2018-06-28_00:43, 28.1875, 1068, 101, 3.25, -11.087, 8.86, 0.0, 3.573, 9.28, 0.0
2018-06-28_00:46, 28.125, 1077, 103, 3.23, -12.636, 7.25, 0.0, 3.568, 15.467, 0.0
2018-06-28_00:49, 28.1875, 1050, 99, 3.24, -9.348, 0.0, 0.0, 3.563, 18.56, 0.0
2018-06-28_00:52, 28.125, 1044, 98, 3.25, -12.098, 0.0, 0.0, 3.568, 15.467, 0.0
2018-06-28_00:54, 28.125, 1050, 99, 3.25, -1.159, 0.0, 0.108, 3.583, 8.249, 0.891
2018-06-28_00:57, 28.1875, 1035, 96, 3.24, -11.155, 19.34, 0.0, 3.558, 15.467, 0.0
2018-06-28_01:00, 28.125, 1044, 98, 3.25, -11.088, 0.0, 0.0, 3.573, 20.623, 0.0
2018-06-28_01:03, 28.0625, 1060, 100, 3.24, -11.925, 8.86, 0.0, 3.578, 20.623, 0.0
2018-06-28_01:06, 28.0, 1060, 100, 3.24, -12.405, 0.81, 0.0, 3.563, 13.405, 0.0
2018-06-28_01:09, 28.0625, 1044, 98, 3.23, -11.134, 4.03, 0.215, 3.563, 16.498, 3.547
2018-06-28_01:11, 28.0625, 1056, 99, 3.22, -12.564, 4.03, 0.108, 3.568, 16.498, 1.782
2018-06-28_01:14, 28.0, 1056, 99, 3.23, -11.225, 5.64, 0.0, 3.568, 18.56, 0.0
2018-06-28_01:17, 28.0, 1071, 102, 3.25, -11.399, 16.12, 0.108, 3.578, 16.498, 1.782
2018-06-28_01:20, 28.0, 1044, 98, 3.25, -11.354, 0.0, 0.0, 3.558, 15.467, 0.0
2018-06-28_01:22, 28.0, 1032, 96, 3.24, -11.1, 0.0, 0.0, 3.568, 16.498, 0.0
2018-06-28_01:25, 28.0, 1032, 96, 3.23, -12.322, 0.0, 0.0, 3.563, 13.405, 0.0
2018-06-28_01:28, 28.125, 1032, 96, 3.26, -12.799, 0.0, 0.0, 3.583, 17.529, 0.0
2018-06-28_01:31, 28.0625, 1044, 98, 3.24, -12.345, 0.0, 0.0, 3.548, 15.467, 0.0
2018-06-28_01:34, 28.0, 1017, 93, 3.24, -11.257, 7.25, 0.0, 3.563, 17.529, 0.0
2018-06-28_01:37, 28.0, 1017, 93, 3.23, -12.464, 11.28, 0.0, 3.548, 15.467, 0.0
2018-06-28_01:39, 28.0, 1017, 93, 3.3, -12.409, 0.0, 0.0, 3.563, 16.498, 0.0
2018-06-28_01:42, 27.9375, 1007, 92, 3.27, -12.515, 0.0, 0.0, 3.587, 20.623, 0.0
2018-06-28_01:45, 27.9375, 1029, 95, 3.27, -11.212, 8.86, 0.215, 3.563, 12.374, 2.66
2018-06-28_01:48, 28.0, 1012, 93, 3.27, -12.279, 8.06, 0.215, 3.553, 12.374, 2.66
2018-06-28_01:50, 27.875, 1012, 93, 3.27, -11.032, 0.0, 0.0, 3.558, 12.374, 0.0
2018-06-28_01:53, 27.875, 1029, 95, 3.28, -12.431, 7.25, 0.0, 3.558, 15.467, 0.0
2018-06-28_01:56, 27.9375, 1009, 92, 3.26, -11.149, 0.0, 0.0, 3.548, 16.498, 0.0
2018-06-28_01:59, 27.8125, 1017, 93, 3.25, -12.521, 4.84, 0.0, 3.558, 15.467, 0.0
2018-06-28_02:02, 27.8125, 1001, 91, 3.25, -11.047, 0.0, 0.0, 3.573, 16.498, 0.0
2018-06-28_02:05, 27.8125, 981, 88, 3.26, -12.243, 0.0, 0.108, 3.553, 11.342, 1.225
2018-06-28_02:07, 27.75, 1001, 91, 3.25, -12.645, 0.0, 0.0, 3.558, 15.467, 0.0
2018-06-28_02:10, 27.8125, 1009, 92, 3.24, -12.462, 12.89, 0.0, 3.558, 14.436, 0.0
2018-06-28_02:13, 27.8125, 1012, 93, 3.23, -11.071, 6.45, 0.215, 3.553, 11.342, 2.439
2018-06-28_02:16, 27.8125, 1012, 93, 3.25, -12.465, 3.22, 0.0, 3.558, 13.405, 0.0
2018-06-28_02:18, 27.75, 1012, 93, 3.26, -11.173, 0.0, 0.215, 3.543, 10.311, 2.217
2018-06-28_02:21, 27.75, 1017, 93, 3.27, -12.63, 8.06, 0.0, 3.553, 3.093, 0.0
2018-06-28_02:24, 27.6875, 1001, 91, 3.25, -12.312, 5.64, 0.0, 3.558, 15.467, 0.0
2018-06-28_02:27, 27.8125, 1007, 92, 3.25, -11.155, 13.7, 0.054, 3.573, 16.498, 0.891
2018-06-28_02:30, 27.6875, 987, 89, 3.27, -11.23, 0.0, 0.161, 3.568, 12.374, 1.992
2018-06-28_02:33, 27.625, 997, 90, 3.23, -12.63, 9.67, 0.0, 3.548, 15.467, 0.0
2018-06-28_02:35, 27.625, 997, 90, 3.26, -12.585, 12.89, 0.0, 3.548, 15.467, 0.0
2018-06-28_02:38, 27.625, 1029, 95, 3.25, -12.452, 10.48, 0.0, 3.558, 15.467, 0.0
2018-06-28_02:41, 27.625, 1009, 92, 3.26, -12.417, 4.84, 0.215, 3.553, 9.28, 1.995
2018-06-28_02:44, 27.625, 1001, 91, 3.26, -12.293, 20.15, 0.0, 3.573, 17.529, 0.0
2018-06-28_02:46, 27.5625, 1001, 91, 3.24, -11.215, 13.7, 0.0, 3.534, 17.529, 0.0
2018-06-28_02:49, 27.5625, 981, 88, 3.26, -11.254, 0.0, 0.215, 3.548, 17.529, 3.769
2018-06-28_02:52, 27.625, 981, 88, 3.23, -12.318, 9.67, 0.0, 3.568, 23.716, 0.0
2018-06-28_02:55, 27.5625, 981, 88, 3.27, -11.231, 8.86, 0.054, 3.548, 23.716, 1.281
2018-06-28_02:58, 27.4375, 981, 88, 3.26, -12.34, 2.42, 0.323, 3.543, 19.592, 6.328
2018-06-28_03:01, 27.5, 981, 88, 3.26, -11.101, 0.0, 0.538, 3.563, 24.747, 13.314
2018-06-28_03:03, 27.4375, 990, 89, 3.3, -12.42, 4.03, 0.43, 3.539, 32.996, 14.188
2018-06-28_03:06, 27.4375, 1001, 91, 3.25, -12.442, 0.0, 0.591, 3.563, 30.934, 18.282
2018-06-28_03:09, 27.4375, 990, 89, 3.24, -14.12, 12.09, 0.968, 3.534, 46.401, 44.916
2018-06-28_03:12, 27.3125, 990, 89, 3.26, -12.366, 0.0, 0.753, 3.548, 67.024, 50.469
2018-06-28_03:14, 27.375, 995, 90, 3.23, -9.262, 4.84, 0.968, 3.548, 83.522, 80.849
2018-06-28_03:17, 27.3125, 995, 90, 3.26, -11.121, 0.0, 1.022, 3.563, 98.989, 101.167
2018-06-28_03:20, 27.25, 990, 89, 3.26, -12.348, 12.09, 1.022, 3.534, 107.238, 109.597
2018-06-28_03:23, 27.3125, 995, 90, 3.25, -12.382, 2.42, 1.29, 3.539, 28.872, 37.245
2018-06-28_03:26, 27.3125, 990, 89, 3.24, -11.325, 0.0, 1.452, 3.543, 23.716, 34.436
2018-06-28_03:28, 27.25, 992, 90, 3.27, -11.728, 6.45, 1.882, 3.553, 17.529, 32.99
2018-06-28_03:31, 27.25, 987, 89, 3.25, -11.188, 0.0, 1.935, 3.548, 18.56, 35.914
2018-06-28_03:34, 27.25, 992, 90, 3.24, -11.125, 6.45, 2.151, 3.548, 17.529, 37.705
2018-06-28_03:37, 27.25, 981, 88, 3.24, -12.067, 0.81, 2.366, 3.539, 15.467, 36.595
2018-06-28_03:40, 27.25, 981, 88, 3.24, -11.082, 0.0, 2.581, 3.543, 17.529, 45.242
2018-06-28_03:42, 27.25, 987, 89, 3.25, -12.921, 0.0, 2.312, 3.543, 19.592, 45.297
2018-06-28_03:45, 27.1875, 987, 89, 3.25, -12.882, 4.84, 2.796, 3.539, 17.529, 49.011
2018-06-28_03:48, 27.25, 970, 86, 3.26, -11.127, 0.0, 2.796, 3.539, 17.529, 49.011
2018-06-28_03:51, 27.1875, 981, 88, 3.25, -11.034, 0.0, 2.957, 3.558, 22.685, 67.08
2018-06-28_03:54, 27.125, 970, 86, 3.24, -0.476, 2.42, 3.065, 3.563, 20.623, 63.209
2018-06-28_03:56, 27.1875, 956, 84, 3.24, -12.477, 9.67, 3.441, 3.543, 24.747, 85.154
2018-06-28_03:59, 27.1875, 983, 88, 3.24, -12.484, 0.0, 3.817, 3.553, 19.592, 74.783
2018-06-28_04:02, 27.0625, 981, 88, 3.26, -11.226, 2.42, 3.602, 3.534, 18.56, 66.853
2018-06-28_04:05, 27.25, 970, 86, 3.26, -11.108, 0.81, 4.086, 3.553, 20.623, 84.266
2018-06-28_04:08, 27.0625, 970, 86, 3.24, -12.483, 0.0, 3.763, 3.539, 29.903, 112.525
2018-06-28_04:11, 27.0625, 983, 88, 3.24, -11.125, 11.28, 3.495, 3.548, 31.965, 111.718
2018-06-28_04:13, 27.0625, 981, 88, 3.26, -11.261, 0.0, 3.763, 3.529, 26.81, 100.886
2018-06-28_04:16, 27.0625, 956, 84, 3.24, -11.911, 0.0, 3.602, 3.543, 30.934, 111.424
2018-06-28_04:19, 27.0625, 970, 86, 3.25, -11.194, 0.0, 3.871, 3.539, 25.778, 99.787
2018-06-28_04:22, 27.0625, 977, 87, 3.25, -11.289, 0.0, 3.656, 3.539, 27.841, 101.787
2018-06-28_04:24, 27.0625, 970, 86, 3.24, -12.353, 1.61, 3.871, 3.539, 30.934, 119.746
2018-06-28_04:27, 27.0, 977, 87, 3.26, -11.146, 0.0, 4.086, 3.548, 28.872, 117.971
2018-06-28_04:30, 27.0625, 956, 84, 3.23, -9.312, 0.0, 4.032, 3.548, 26.81, 108.098
2018-06-28_04:33, 27.0625, 970, 86, 3.27, -12.462, 0.0, 3.495, 3.539, 29.903, 104.511
2018-06-28_04:36, 27.0625, 956, 84, 3.25, -11.077, 0.0, 3.71, 3.539, 27.841, 103.29
2018-06-28_04:39, 26.9375, 956, 84, 3.27, -11.165, 4.03, 3.656, 3.539, 27.841, 101.787
2018-06-28_04:41, 27.0625, 940, 82, 3.25, -11.177, 0.0, 4.032, 3.553, 25.778, 103.937
2018-06-28_04:44, 27.0, 927, 80, 3.24, -11.928, 0.0, 3.71, 3.543, 31.965, 118.59
2018-06-28_04:47, 27.0625, 956, 84, 3.25, -11.963, 0.0, 3.871, 3.534, 29.903, 115.755
2018-06-28_04:50, 26.9375, 935, 81, 3.28, -11.961, 0.0, 3.871, 3.524, 25.778, 99.787
2018-06-28_04:53, 26.9375, 942, 82, 3.27, -11.13, 18.53, 3.656, 3.539, 27.841, 101.787
2018-06-28_04:55, 26.9375, 954, 84, 3.28, -11.097, 0.0, 3.925, 3.539, 31.965, 125.463
2018-06-28_04:58, 26.9375, 942, 82, 3.26, -12.411, 10.48, 3.925, 3.534, 27.841, 109.276
2018-06-28_05:01, 26.9375, 954, 84, 3.25, -11.216, 4.03, 4.355, 3.534, 27.841, 121.248
2018-06-28_05:04, 26.9375, 930, 80, 3.25, -12.189, 0.0, 4.516, 3.524, 27.841, 125.73
2018-06-28_05:07, 26.8125, 954, 84, 3.25, -12.341, 8.86, 4.624, 3.519, 30.934, 143.039
2018-06-28_05:09, 26.75, 954, 84, 3.23, -11.165, 12.09, 4.677, 3.553, 35.059, 163.971
2018-06-28_05:12, 26.8125, 954, 84, 3.26, -12.273, 0.0, 4.946, 3.514, 27.841, 137.702
2018-06-28_05:15, 26.875, 954, 84, 3.26, -11.322, 0.0, 5.161, 3.529, 30.934, 159.65
2018-06-28_05:18, 26.875, 942, 82, 3.26, -11.688, 6.45, 5.269, 3.519, 30.934, 162.991
2018-06-28_05:21, 26.8125, 959, 85, 3.27, -11.224, 9.67, 5.323, 3.524, 30.934, 164.662
2018-06-28_05:23, 26.8125, 942, 82, 3.25, -11.057, 8.06, 5.269, 3.539, 29.903, 157.559
2018-06-28_05:26, 26.8125, 954, 84, 3.24, -11.097, 12.89, 5.215, 3.534, 32.996, 172.074
2018-06-28_05:29, 26.875, 918, 78, 3.23, -9.279, 4.03, 5.484, 3.514, 27.841, 152.68
2018-06-28_05:32, 26.8125, 945, 83, 3.25, -11.064, 0.0, 5.43, 3.519, 28.872, 156.775
2018-06-28_05:35, 26.6875, 956, 84, 3.26, -12.431, 0.0, 5.376, 3.519, 30.934, 166.301
2018-06-28_05:38, 26.75, 925, 79, 3.24, -11.076, 0.0, 5.591, 3.529, 29.903, 167.188
2018-06-28_05:40, 26.6875, 945, 83, 3.25, -12.404, 12.89, 5.484, 3.529, 29.903, 163.988
2018-06-28_05:43, 26.75, 945, 83, 3.26, -11.505, 0.0, 5.323, 3.524, 29.903, 159.174
2018-06-28_05:46, 26.75, 930, 80, 3.24, -12.246, 2.42, 5.108, 3.524, 29.903, 152.745
2018-06-28_05:49, 26.8125, 942, 82, 3.25, -12.347, 13.7, 5.161, 3.524, 31.965, 164.971
2018-06-28_05:51, 26.6875, 956, 84, 3.27, -11.132, 0.0, 5.376, 3.514, 27.841, 149.673
2018-06-28_05:54, 26.6875, 956, 84, 3.25, -12.418, 0.0, 5.699, 3.529, 28.872, 164.542
2018-06-28_05:57, 26.8125, 942, 82, 3.25, -11.938, 0.0, 5.591, 3.529, 25.778, 144.125
2018-06-28_06:00, 26.6875, 942, 82, 3.24, -12.405, 0.0, 5.538, 3.534, 28.872, 159.893
2018-06-28_06:03, 26.9375, 895, 75, 3.25, -11.116, 0.0, 5.161, 3.529, 31.965, 164.971
2018-06-28_06:06, 26.5, 872, 71, 3.25, -12.468, 0.0, 5.699, 3.534, 28.872, 164.542
2018-06-28_06:08, 26.375, 808, 62, 3.23, -12.618, 0.0, 5.161, 3.524, 31.965, 164.971
2018-06-28_06:11, 26.0, 827, 65, 3.26, -12.001, 10.48, 5.591, 3.514, 32.996, 184.481
2018-06-28_06:14, 25.5, 832, 65, 3.23, -11.225, 5.64, 5.323, 3.519, 30.934, 164.662
2018-06-28_06:17, 25.8125, 785, 58, 3.24, -11.142, 0.0, 4.892, 3.524, 30.934, 151.329
2018-06-28_06:20, 25.8125, 774, 56, 3.24, -11.261, 5.64, 5.323, 3.519, 30.934, 164.662
2018-06-28_06:22, 25.9375, 740, 51, 3.26, -11.418, 0.0, 5.323, 3.519, 29.903, 159.174
2018-06-28_06:25, 25.5625, 765, 55, 3.23, -10.667, 0.0, 5.323, 3.514, 30.934, 164.662
2018-06-28_06:28, 25.5, 746, 52, 3.23, -12.579, 0.0, 5.645, 3.543, 32.996, 186.262
2018-06-28_06:30, 25.375, 728, 49, 3.22, -12.358, 24.98, 5.43, 3.534, 35.059, 190.37
2018-06-28_06:33, 25.625, 710, 47, 3.24, -12.017, 0.0, 5.215, 3.524, 35.059, 182.833
2018-06-28_06:36, 25.75, 675, 41, 3.23, -12.439, 0.0, 5.323, 3.519, 27.841, 148.198
2018-06-28_06:39, 25.625, 671, 41, 3.23, -11.202, 0.0, 5.699, 3.524, 30.934, 176.293
2018-06-28_06:42, 25.375, 679, 42, 3.27, -12.223, 0.0, 5.215, 3.509, 31.965, 166.697
2018-06-28_06:45, 25.625, 660, 39, 3.24, -12.675, 0.0, 5.215, 3.529, 30.934, 161.321
2018-06-28_06:47, 25.625, 653, 38, 3.22, -11.066, 5.64, 5.161, 3.524, 30.934, 159.65
2018-06-28_06:50, 25.8125, 634, 35, 3.25, -12.379, 0.0, 5.484, 3.509, 32.996, 180.95
2018-06-28_06:53, 25.875, 634, 35, 3.26, -11.896, 7.25, 5.376, 3.509, 37.121, 199.562
2018-06-28_06:56, 25.875, 618, 33, 3.25, -11.155, 4.84, 5.161, 3.519, 31.965, 164.971
2018-06-28_06:58, 25.9375, 614, 32, 3.26, -12.514, 8.06, 5.161, 3.529, 27.841, 143.687
2018-06-28_07:01, 25.8125, 627, 34, 3.26, -11.103, 0.0, 5.538, 3.534, 28.872, 159.893
2018-06-28_07:04, 25.8125, 591, 29, 3.25, -11.305, 0.0, 5.376, 3.539, 35.059, 188.477
2018-06-28_07:07, 25.375, 626, 34, 3.25, -11.281, 0.0, 5.161, 3.524, 31.965, 164.971
2018-06-28_07:10, 25.5625, 620, 33, 3.24, -11.3, 11.28, 5.484, 3.509, 31.965, 175.296
2018-06-28_07:13, 25.625, 602, 30, 3.24, -12.358, 7.25, 5.323, 3.514, 31.965, 170.15
2018-06-28_07:15, 25.625, 611, 32, 3.25, -12.252, 0.0, 5.161, 3.524, 27.841, 143.687
2018-06-28_07:18, 25.625, 596, 29, 3.24, -11.076, 8.06, 5.376, 3.514, 29.903, 160.759
2018-06-28_07:21, 25.75, 584, 28, 3.26, -11.057, 8.06, 5.215, 3.539, 36.09, 188.209
2018-06-28_07:24, 25.5625, 567, 25, 3.28, -11.207, 0.0, 5.484, 3.509, 30.934, 169.642
2018-06-28_07:27, 25.625, 580, 27, 3.25, -12.439, 8.86, 5.323, 3.519, 29.903, 159.174
2018-06-28_07:29, 25.5625, 569, 25, 3.23, -12.456, 0.0, 5.323, 3.519, 30.934, 164.662
2018-06-28_07:32, 25.625, 581, 27, 3.26, -11.047, 1.61, 5.323, 3.519, 31.965, 170.15
2018-06-28_07:35, 25.75, 575, 26, 3.24, -11.165, 4.84, 5.538, 3.509, 30.934, 171.312
2018-06-28_07:38, 25.5, 575, 26, 3.26, -12.322, 10.48, 5.161, 3.519, 31.965, 164.971
2018-06-28_07:41, 25.5625, 560, 24, 3.25, -12.47, 5.64, 5.161, 3.519, 31.965, 164.971
2018-06-28_07:43, 25.625, 569, 25, 3.25, -11.033, 0.0, 5.484, 3.509, 32.996, 180.95
2018-06-28_07:46, 25.6875, 556, 23, 3.24, -12.29, 8.86, 5.376, 3.534, 32.996, 177.386
2018-06-28_07:49, 25.625, 586, 28, 3.23, -11.204, 5.64, 5.376, 3.514, 29.903, 160.759
2018-06-28_07:52, 25.6875, 575, 26, 3.24, -11.352, 0.0, 5.323, 3.519, 29.903, 159.174
2018-06-28_07:55, 25.6875, 565, 25, 3.25, -11.122, 12.89, 5.43, 3.509, 34.027, 184.767
2018-06-28_07:57, 25.6875, 575, 26, 3.25, -12.807, 14.51, 5.699, 3.524, 28.872, 164.542
2018-06-28_08:00, 25.625, 569, 25, 3.25, -11.342, 4.84, 5.591, 3.509, 32.996, 184.481
2018-06-28_08:03, 25.625, 581, 27, 3.25, -11.086, 0.0, 5.323, 3.514, 35.059, 186.619
2018-06-28_08:06, 25.625, 596, 29, 3.23, -12.445, 0.0, 5.538, 3.519, 28.872, 159.893
2018-06-28_08:09, 25.1875, 624, 34, 3.28, -11.208, 6.45, 5.591, 3.519, 30.934, 172.952
2018-06-28_08:11, 25.3125, 591, 29, 3.25, -12.45, 0.0, 5.699, 3.514, 28.872, 164.542
2018-06-28_08:14, 25.4375, 612, 32, 3.28, -12.344, 0.0, 5.215, 3.519, 31.965, 166.697
2018-06-28_08:17, 25.5625, 580, 27, 3.25, -11.314, 0.0, 5.323, 3.514, 35.059, 186.619
2018-06-28_08:20, 25.4375, 570, 25, 3.25, -12.262, 2.42, 5.323, 3.534, 34.027, 181.126
2018-06-28_08:23, 25.375, 545, 22, 3.24, -11.09, 12.09, 5.215, 3.519, 30.934, 161.321
2018-06-28_08:25, 25.3125, 556, 23, 3.24, -12.276, 19.34, 5.484, 3.534, 32.996, 180.95
2018-06-28_08:28, 25.4375, 556, 23, 3.25, -11.135, 12.09, 5.699, 3.524, 30.934, 176.293
2018-06-28_08:31, 25.3125, 584, 28, 3.24, -12.465, 12.89, 5.591, 3.504, 27.841, 155.659
2018-06-28_08:34, 25.625, 537, 20, 3.25, -11.384, 12.89, 5.43, 3.519, 29.903, 162.373
2018-06-28_08:36, 25.5, 565, 25, 3.24, -12.554, 0.0, 5.484, 3.524, 30.934, 169.642
2018-06-28_08:40, 25.4375, 565, 25, 3.25, -11.188, 9.67, 5.376, 3.5, 31.965, 171.844
2018-06-28_08:42, 25.5625, 553, 23, 3.23, -12.564, 8.86, 5.108, 3.509, 32.996, 168.544
2018-07-02_14:54, None, None, None, 3.26, -12.754, 1837.36, None, None, None, None
2018-07-02_14:55, None, None, None, 3.26, -12.576, 1340.95, None, None, None, None
2018-07-02_14:57, None, None, None, 3.25, -12.913, 1324.03, None, None, None, None
2018-07-02_14:58, None, None, None, 3.25, -13.239, 1356.26, None, None, None, None
2018-07-02_14:59, None, None, None, 3.26, -12.818, 1299.05, None, None, None, None
2018-07-02_15:01, None, None, None, 3.25, -13.275, 1288.57, None, None, None, None
2018-07-02_15:09, None, None, None, 3.25, -13.433, 1948.57, None, None, None, None
